Workbook

Sheet Cleaned Data
A1: Order ID | B1: Customer Name | C1: Product | D1: Quantity | E1: Unit Price | F1: Order Date | G1: City | H1: Total Sales
A2: ORD001 | B2: Rahul Kumar | C2: Laptop | D2: 1 | E2: 55000 | F2: 12-08-2026 | G2: Hyderabad | H2: =D2*E2 -> 55000
A3: ORD002 | B3: Ananya Reddy | C3: Mouse | D3: 2 | E3: 800 | F3: 13-08-2026 | G3: Vijayawada | H3: =D3*E3 -> 1600
A4: ORD003 | B4: Kiran Rao | C4: Keyboard | D4: 1 | E4: 1500 | F4: 46248 | G4: Bengaluru | H4: =D4*E4 -> 1500
A5: ORD004 | B5: Priya Sharma | C5: Monitor | D5: 2 | E5: 12500 | F5: 15-08-2026 | G5: Hyderabad | H5: =D5*E5 -> 25000
A6: ORD005 | B6: Suresh Kumar | C6: Laptop | D6: 1 | E6: 55000 | F6: 16-08-2026 | G6: Chennai | H6: =D6*E6 -> 55000
A7: ORD006 | B7: Anjali Reddy | C7: Headphones | D7: 3 | E7: 2200 | F7: 17-08-2026 | G7: Hyderabad | H7: =D7*E7 -> 6600
A8: ORD007 | B8: Rahul Kumar | C8: Mouse | D8: 1 | E8: 800 | F8: 18-08-2026 | G8: Hyderabad | H8: =D8*E8 -> 800
A9: ORD008 | B9: Vamsi Krishna | C9: Keyboard | D9: 2 | E9: 1500 | F9: 19-08-2026 | G9: Visakhapatnam | H9: =D9*E9 -> 3000
A10: ORD009 | B10: Sneha Rao | C10: Monitor | D10: 1 | E10: 12500 | F10: 20-08-2026 | G10: Bengaluru | H10: =D10*E10 -> 12500
A11: ORD010 | B11: Arjun Patel | C11: Laptop | D11: 1 | E11: 55000 | F11: 21-08-2026 | G11: Mumbai | H11: =D11*E11 -> 55000
A12: ORD011 | B12: Meena Das | C12: Headphones | D12: 2 | E12: 2200 | F12: 22-08-2026 | G12: Chennai | H12: =D12*E12 -> 4400
A13: ORD012 | B13: Kiran Rao | C13: Keyboard | D13: 1 | E13: 1500 | F13: 23-08-2026 | G13: Bengaluru | H13: =D13*E13 -> 1500
A14: ORD013 | B14: Priya Sharma | C14: Monitor | D14: 1 | E14: 12500 | F14: 24-08-2026 | G14: Hyderabad | H14: =D14*E14 -> 12500
A15: ORD014 | B15: Suresh Kumar | C15: Mouse | D15: 4 | E15: 800 | F15: 25-08-2026 | G15: Chennai | H15: =D15*E15 -> 3200
A16: ORD015 | B16: Anjali Reddy | C16: Laptop | D16: 1 | E16: 55000 | F16: 26-08-2026 | G16: Hyderabad | H16: =D16*E16 -> 55000
... A20: ORD019 | B20: Meena Das | C20: Monitor | D20: 1 | E20: 12500 | F20: 30-08-2026 | G20: Chennai | H20: =D20*E20 -> 12500

Sheet Project Info
A1: PROJECT 1 - SALES DATA CLEANING & ANALYSIS
A3: Project Description
A4: Sales Data Cleaning & Analysis – Excel
A5: Cleaned and organized raw sales data by identifying duplicates, standardizing dates and city names, and creating a sales summary report. Used Excel formulas and charts to analyze total sales, quantities sold, and product-wise performance.
A7: Tools Used
A8: Microsoft Excel, Data Cleaning, Excel Formulas, Data Visualization
A10: Key Tasks
A11: Data Cleaning, duplicate identification, date standardization, city standardization, sales analysis, chart creation

Sheet Sales Summary
A1: SALES SUMMARY REPORT
A2: Total Orders | B2: =COUNTA('Cleaned Data'!A2:A20) -> 19
A3: Total Sales | B3: =SUM('Cleaned Data'!H2:H20) -> 312600
A4: Average Order Value | B4: =AVERAGE('Cleaned Data'!H2:H20) -> 16452.632
A5: Total Quantity Sold | B5: =SUM('Cleaned Data'!D2:D20) -> 30
A7: Product Summary Report
A8: Product | B8: Units Sold | C8: Total Sales | D8: Number of Orders
A9: Laptop | B9: =SUMIF('Cleaned Data'!C:C,A9,'Cleaned Data'!D:D) -> 4 | C9: =SUMIF('Cleaned Data'!C:C,A9,'Cleaned Data'!H:H) -> 220000 | D9: =COUNTIF('Cleaned Data'!C:C,A9) -> 4
A10: Mouse | B10: =SUMIF('Cleaned Data'!C:C,A10,'Cleaned Data'!D:D) -> 9 | C10: =SUMIF('Cleaned Data'!C:C,A10,'Cleaned Data'!H:H) -> 7200 | D10: =COUNTIF('Cleaned Data'!C:C,A10) -> 4
A11: Keyboard | B11: =SUMIF('Cleaned Data'!C:C,A11,'Cleaned Data'!D:D) -> 5 | C11: =SUMIF('Cleaned Data'!C:C,A11,'Cleaned Data'!H:H) -> 7500 | D11: =COUNTIF('Cleaned Data'!C:C,A11) -> 4
A12: Monitor | B12: =SUMIF('Cleaned Data'!C:C,A12,'Cleaned Data'!D:D) -> 5 | C12: =SUMIF('Cleaned Data'!C:C,A12,'Cleaned Data'!H:H) -> 62500 | D12: =COUNTIF('Cleaned Data'!C:C,A12) -> 4
A13: Headphones | B13: =SUMIF('Cleaned Data'!C:C,A13,'Cleaned Data'!D:D) -> 7 | C13: =SUMIF('Cleaned Data'!C:C,A13,'Cleaned Data'!H:H) -> 15400 | D13: =COUNTIF('Cleaned Data'!C:C,A13) -> 3

Sheet Raw data
A1: Order ID | B1: Customer Name | C1: Product | D1: Quantity | E1: Unit Price | F1: Order Date | G1: City
A2: ORD001 | B2: Rahul Kumar | C2: Laptop | D2: 1 | E2: 55000 | F2: 12-08-2026 | G2: Hyderabad
A3: ORD002 | B3: Ananya Reddy | C3: Mouse | D3: 2 | E3: 800 | F3: 13-08-2026 | G3: Vijayawada
A4: ORD003 | B4: Kiran Rao | C4: Keyboard | D4: 1 | E4: 1500 | F4: 14/08/2026 | G4: Bengaluru
A5: ORD004 | B5: Priya Sharma | C5: Monitor | D5: 2 | E5: 12500 | F5: 15-08-2026 | G5: Hyderabad
A6: ORD005 | B6: Suresh Kumar | C6: Laptop | D6: 1 | E6: 55000 | F6: 16-08-2026 | G6: Chennai
A7: ORD006 | B7: Anjali Reddy | C7: Headphones | D7: 3 | E7: 2200 | F7: 17-08-2026 | G7: Hyderabad
A8: ORD007 | B8: Rahul kumar | C8: Mouse | D8: 1 | E8: 800 | F8: 18-08-2026 | G8: Hyderabad
A9: ORD008 | B9: Vamsi Krishna | C9: Keyboard | D9: 2 | E9: 1500 | F9: 19-08-2026 | G9: Vizag
A10: ORD009 | B10: Sneha Rao | C10: Monitor | D10: 1 | E10: 12500 | F10: 20-08-2026 | G10: Bengaluru
A11: ORD010 | B11: Arjun Patel | C11: Laptop | D11: 1 | E11: 55000 | F11: 21-08-2026 | G11: Mumbai
A12: ORD011 | B12: Meena Das | C12: Headphones | D12: 2 | E12: 2200 | F12: 22-08-2026 | G12: Chennai
A13: ORD012 | B13: Kiran Rao | C13: Keyboard | D13: 1 | E13: 1500 | F13: 23-08-2026 | G13: Bengaluru
... A21: ORD019 | B21: Meena Das | C21: Monitor | D21: 1 | E21: 12500 | F21: 30-08-2026 | G21: Chennai
